Fabricante,Modelo,Ruta Local,Fecha Descarga
Marcopolo,Paradiso G7,img/planos_carroceria\marcopolo\paradiso_g7.jpg,2026-01-19 01:59:53
Marcopolo,Paradiso 1350,img/planos_carroceria\marcopolo\paradiso_1350.jpg,2026-01-19 01:59:53
Marcopolo,Standard,img/planos_carroceria\marcopolo\standard.jpg,2026-01-19 01:59:53
Mercedes-Benz,O500,img/planos_carroceria\mercedes-benz\o500.jpg,2026-01-19 01:59:53
Mercedes-Benz,O400,img/planos_carroceria\mercedes-benz\o400.jpg,2026-01-19 01:59:53
Mercedes-Benz,Sprinter,img/planos_carroceria\mercedes-benz\sprinter.jpg,2026-01-19 01:59:53
Scania,K340,img/planos_carroceria\scania\k340.jpg,2026-01-19 01:59:53
Scania,K410,img/planos_carroceria\scania\k410.jpg,2026-01-19 01:59:53
Scania,K124,img/planos_carroceria\scania\k124.jpg,2026-01-19 01:59:53
Iveco,Tector,img/planos_carroceria\iveco\tector.jpg,2026-01-19 01:59:53
Iveco,Stralis,img/planos_carroceria\iveco\stralis.jpg,2026-01-19 01:59:53
Iveco,S-Way,img/planos_carroceria\iveco\s-way.jpg,2026-01-19 01:59:53
Neobus,Mega,img/planos_carroceria\neobus\mega.jpg,2026-01-19 01:59:53
Neobus,Spectrum,img/planos_carroceria\neobus\spectrum.jpg,2026-01-19 01:59:53
Neobus,N360,img/planos_carroceria\neobus\n360.jpg,2026-01-19 01:59:53
Metalpar,Uber,img/planos_carroceria\metalpar\uber.jpg,2026-01-19 01:59:53
Metalpar,Colectivo Urbano,img/planos_carroceria\metalpar\colectivo_urbano.jpg,2026-01-19 01:59:53
Comil,Craftale,img/planos_carroceria\comil\craftale.jpg,2026-01-19 01:59:53
Comil,Svelto,img/planos_carroceria\comil\svelto.jpg,2026-01-19 01:59:53
Comil,Invictus,img/planos_carroceria\comil\invictus.jpg,2026-01-19 01:59:53
